{
    "1": {
        "mean": 0.6923584509640932,
        "std": 0.09205362605722461
    },
    "5": {
        "mean": 0.7367918420334657,
        "std": 0.0852558086917959
    },
    "10": {
        "mean": 0.7437430824836094,
        "std": 0.07415733407542938
    },
    "20": {
        "mean": 0.7386154194672904,
        "std": 0.0669926565700686
    }
}