{
    "1": {
        "mean": 0.6923584509640932,
        "std": 0.09205362605722461,
        "hd95_mean": 8.751598709774402,
        "hd95_std": 8.426813941682436
    },
    "5": {
        "mean": 0.7367918420334657,
        "std": 0.0852558086917959,
        "hd95_mean": 3.1511739440979,
        "hd95_std": 1.5167754957352524
    },
    "10": {
        "mean": 0.7437430824836094,
        "std": 0.07415733407542938,
        "hd95_mean": 2.966650189716065,
        "hd95_std": 1.0967345975096816
    },
    "20": {
        "mean": 0.7386154301961264,
        "std": 0.066959533160816,
        "hd95_mean": 3.233167696568028,
        "hd95_std": 1.1427317050397126
    }
}