{
    "1": {
        "mean": 0.1429909013684131,
        "std": 0.06744420915068056,
        "hd95_mean": 17.178190135938962,
        "hd95_std": 12.567169650337133
    },
    "5": {
        "mean": 0.15777729208326055,
        "std": 0.06315082516120434,
        "hd95_mean": 8.221142799018924,
        "hd95_std": 3.159524842375502
    },
    "10": {
        "mean": 0.16809612373085905,
        "std": 0.06496029094062458,
        "hd95_mean": 7.769005419504953,
        "hd95_std": 2.588350667568957
    },
    "20": {
        "mean": 0.16786475924533675,
        "std": 0.07289995127036362,
        "hd95_mean": 7.939951064132686,
        "hd95_std": 2.5944591614711863
    }
}