{
    "1": {
        "mean": 0.5946609633167586,
        "std": 0.1374933242175262
    },
    "5": {
        "mean": 0.7320302641391754,
        "std": 0.0830701766523494
    },
    "10": {
        "mean": 0.7360976872944716,
        "std": 0.07775993212493831
    },
    "20": {
        "mean": 0.7349573885401091,
        "std": 0.07790699037921736
    }
}