{
    "dice_class_0": 0.997135368716897,
    "dice_class_1": 0.7010931906516223,
    "dice_class_2": 0.6996085514893391,
    "dice_class_3": 0.8103687582110638,
    "mean_tumor_dice": 0.7370235001173417,
    "hd95_class_1": 2.6418826617289297,
    "hd95_class_2": 9.557617873448732,
    "hd95_class_3": 0.8135495411578916,
    "mean_tumor_hd95": 4.306309152864971
}