{
    "1": {
        "mean": 0.5946609633167586,
        "std": 0.1374933242175262,
        "hd95_mean": 20.413677051998647,
        "hd95_std": 15.514213557705087,
        "scores": [
            0.5871632297833761,
            0.4244627356529236,
            0.7834694186846415,
            0.7661872108777364,
            0.5604541699091593,
            0.4195396999518077,
            0.6432048479715983,
            0.665157288312912,
            0.44939260681470233,
            0.5541311403115591,
            0.7391313513120016,
            0.5334766209125519,
            0.6706711848576864,
            0.7576327323913574,
            0.4617962936560313,
            0.643770823876063,
            0.6095682084560394,
            0.8076350092887878,
            0.36435017983118695,
            0.7501288453737894,
            0.36836394170920056,
            0.6202668646971384,
            0.7807381947835287,
            0.4654159148534139,
            0.4991692900657654,
            0.6390021046002706,
            0.7215561866760254,
            0.7375494241714478,
            0.7701336145401001,
            0.4897844195365906,
            0.8087098399798075,
            0.6567496756712595,
            0.2884347488482793,
            0.44202206532160443,
            0.6119502087434133,
            0.49333544572194415,
            0.5303600827852885,
            0.4997272193431854,
            0.5995310544967651,
            0.666233499844869,
            0.6317828198273977,
            0.6988934675852457,
            0.725950022538503,
            0.8379602829615275,
            0.5975604255994161,
            0.6403292914231619,
            0.45386194189389545,
            0.438187633951505,
            0.4355345070362091,
            0.3926303784052531
        ]
    },
    "5": {
        "mean": 0.7320302641391754,
        "std": 0.0830701766523494,
        "hd95_mean": 4.03186087036021,
        "hd95_std": 2.8213806751352637,
        "scores": [
            0.7343352238337199,
            0.7930238445599874,
            0.6644774377346039,
            0.5258361448844274,
            0.7362053394317627,
            0.6374588310718536,
            0.6516386965910593,
            0.7447525262832642,
            0.8297521471977234,
            0.6897898813088735,
            0.6716920932133993,
            0.8263344566027323,
            0.7492374777793884,
            0.7574158310890198,
            0.7837011615435282,
            0.7041603922843933,
            0.8266590436299642,
            0.5224087735017141,
            0.7052051027615865,
            0.7186073660850525,
            0.805456538995107,
            0.6543933947881063,
            0.8911343812942505,
            0.7688881953557333,
            0.7439121007919312,
            0.7955158154169718,
            0.8119396567344666,
            0.740108052889506,
            0.7006828784942627,
            0.7774927417437235,
            0.5572994748751322,
            0.8657100001970927,
            0.8243603507677714,
            0.7845707734425863,
            0.6625486413637797,
            0.5978530098994573,
            0.7971571485201517,
            0.6861570676167806,
            0.7963661551475525,
            0.748937745889028,
            0.6507437229156494,
            0.7307088573773702,
            0.7722460230191549,
            0.786132295926412,
            0.7220549782117208,
            0.7616958220799764,
            0.6330840388933817,
            0.6190102795759836,
            0.8001948793729147,
            0.842466413974762
        ]
    },
    "10": {
        "mean": 0.7360976872944716,
        "std": 0.07775993212493831,
        "hd95_mean": 3.0840258047167715,
        "hd95_std": 1.0463214220567363,
        "scores": [
            0.7250546216964722,
            0.7956142028172811,
            0.7732646862665812,
            0.7892865737279257,
            0.8108298182487488,
            0.6678696473439535,
            0.6212426126003265,
            0.4796570147270147,
            0.7937577962875366,
            0.6279696822166443,
            0.7616689205169678,
            0.750095268090566,
            0.8277658422787985,
            0.8409504691759745,
            0.7953207890192667,
            0.7740158041318258,
            0.7379401524861654,
            0.7622573574384054,
            0.6533754169940948,
            0.6689524253209432,
            0.6444043616453806,
            0.7059482137362162,
            0.8186307350794474,
            0.742172380288442,
            0.7032174567381541,
            0.6406276524066925,
            0.7729501724243164,
            0.8627861539522806,
            0.774134894212087,
            0.6349613070487976,
            0.749681810537974,
            0.7972231904665629,
            0.6939176519711813,
            0.7793815533320109,
            0.8160838484764099,
            0.6470655997594198,
            0.8376494844754537,
            0.758781631787618,
            0.5436637202898661,
            0.6926734546820322,
            0.773257295290629,
            0.7718672156333923,
            0.7634756167729696,
            0.6432847281297048,
            0.6922120849291483,
            0.8016776243845621,
            0.8124253551165262,
            0.7744016249974569,
            0.7523122429847717,
            0.7471262017885844
        ]
    },
    "20": {
        "mean": 0.7349573885401091,
        "std": 0.07790699037921736,
        "hd95_mean": 3.004588507342115,
        "hd95_std": 0.9646089233319877,
        "scores": [
            0.6330314576625824,
            0.8444847464561462,
            0.8173728187878927,
            0.8722774982452393,
            0.6858557363351186,
            0.6878055334091187,
            0.5807632009188334,
            0.7579670747121176,
            0.7314505378405253,
            0.6788236598173777,
            0.7083131074905396,
            0.781213104724884,
            0.5919741888840994,
            0.6995028257369995,
            0.7595177292823792,
            0.6964742640654246,
            0.7586526274681091,
            0.7763112584749857,
            0.7513149182001749,
            0.782478948434194,
            0.7660274505615234,
            0.7862963875134786,
            0.7934913833936056,
            0.7441402475039164,
            0.775447408358256,
            0.7974406083424886,
            0.7765271464983622,
            0.5324136813481649,
            0.4526023119688034,
            0.7633964419364929,
            0.7235944867134094,
            0.7920331358909607,
            0.814414381980896,
            0.7645849784215292,
            0.7603134910265604,
            0.7523137132326762,
            0.8042059540748596,
            0.6265387038389841,
            0.7711706956227621,
            0.6643824179967245,
            0.78002401192983,
            0.731087734301885,
            0.7100364764531454,
            0.7492868900299072,
            0.7473209897677103,
            0.745939314365387,
            0.7907160520553589,
            0.7454954981803894,
            0.8321573932965597,
            0.6588848034540812
        ]
    }
}