{
    "1": {
        "mean": 0.7781721067428589,
        "std": 0.05574407129989332,
        "hd95_mean": 9.216976577989556,
        "hd95_std": 9.441798932308043
    },
    "5": {
        "mean": 0.7806580600142479,
        "std": 0.06060736427669506,
        "hd95_mean": 4.059485513276922,
        "hd95_std": 3.259845945234626
    },
    "10": {
        "mean": 0.8033508846163749,
        "std": 0.05271784401384606,
        "hd95_mean": 3.8173225127601937,
        "hd95_std": 2.1072894484390887
    },
    "20": {
        "mean": 0.7983721205592156,
        "std": 0.053345739845596284,
        "hd95_mean": 3.0415985614038608,
        "hd95_std": 1.3438289384754913
    }
}