{
    "1": {
        "mean": 0.7745070073008538,
        "std": 0.07000602068561841,
        "hd95_mean": 9.546353355248463,
        "hd95_std": 7.853295489289332
    },
    "5": {
        "mean": 0.7996015346050263,
        "std": 0.0668658507663571,
        "hd95_mean": 2.90000007634316,
        "hd95_std": 3.853889564806324
    },
    "10": {
        "mean": 0.7999613523483277,
        "std": 0.06109662596412814,
        "hd95_mean": 2.741294113298263,
        "hd95_std": 2.6772418228620576
    },
    "20": {
        "mean": 0.8234752440452575,
        "std": 0.07200141079013392,
        "hd95_mean": 2.0950469685477024,
        "hd95_std": 1.7517848132533564
    }
}