{
    "1": {
        "mean": 0.7745070073008538,
        "std": 0.07000602068561841
    },
    "5": {
        "mean": 0.7996015346050263,
        "std": 0.0668658507663571
    },
    "10": {
        "mean": 0.7999613523483277,
        "std": 0.06109662596412814
    },
    "20": {
        "mean": 0.8234752440452575,
        "std": 0.07200141079013392
    }
}