{
    "1": {
        "mean": 0.7781721067428589,
        "std": 0.05574407129989332
    },
    "5": {
        "mean": 0.7806580600142479,
        "std": 0.06060736427669506
    },
    "10": {
        "mean": 0.8033508846163749,
        "std": 0.05271784401384606
    },
    "20": {
        "mean": 0.7984627896547317,
        "std": 0.053349671342735154
    }
}