{
    "1": {
        "mean": 0.37200662210583685,
        "std": 0.0734887113815171,
        "hd95_mean": 13.812986301940231,
        "hd95_std": 8.815120473543228
    },
    "5": {
        "mean": 0.3761437363922596,
        "std": 0.06628431876882104,
        "hd95_mean": 8.717487615367837,
        "hd95_std": 3.7824312360096197
    },
    "10": {
        "mean": 0.36889431565999986,
        "std": 0.058733332309574456,
        "hd95_mean": 7.923649341608902,
        "hd95_std": 2.8869573295580677
    },
    "20": {
        "mean": 0.37983340948820116,
        "std": 0.07124506399882582,
        "hd95_mean": 7.875911818616316,
        "hd95_std": 2.7168208903750584
    }
}