{
    "1": {
        "mean": 0.7986390653252602,
        "std": 0.05232678488925316
    },
    "5": {
        "mean": 0.7947400519251824,
        "std": 0.08558331414747485
    },
    "10": {
        "mean": 0.7970055684447288,
        "std": 0.061204013215508966
    },
    "20": {
        "mean": 0.8288004660606384,
        "std": 0.05907740273059533
    }
}