{
    "1": {
        "mean": 0.379725282266736,
        "std": 0.07050322739630424,
        "hd95_mean": 8.688920184170362,
        "hd95_std": 2.6176595111664587
    },
    "5": {
        "mean": 0.3698429463803768,
        "std": 0.05450873572737806,
        "hd95_mean": 8.593283072227079,
        "hd95_std": 2.5055777785161384
    },
    "10": {
        "mean": 0.3758733993768692,
        "std": 0.06670006077795002,
        "hd95_mean": 8.357017970018163,
        "hd95_std": 2.4850721250646077
    },
    "20": {
        "mean": 0.3789183498173952,
        "std": 0.0760964621493418,
        "hd95_mean": 8.55844863359421,
        "hd95_std": 2.351958051486004
    }
}