{
    "1": {
        "mean": 0.792271637916565,
        "std": 0.053374682459520185
    },
    "5": {
        "mean": 0.7889116251468659,
        "std": 0.05280992000229369
    },
    "10": {
        "mean": 0.7970859828591347,
        "std": 0.05443018523370469
    },
    "20": {
        "mean": 0.790093321800232,
        "std": 0.052190783782148135
    }
}