{
    "1": {
        "mean": 0.792271637916565,
        "std": 0.053374682459520185,
        "hd95_mean": 2.8312523005254997,
        "hd95_std": 0.9436117960260966
    },
    "5": {
        "mean": 0.7889116251468659,
        "std": 0.05280992000229369,
        "hd95_mean": 2.865626445732965,
        "hd95_std": 1.0331505862331718
    },
    "10": {
        "mean": 0.7970859828591347,
        "std": 0.05443018523370469,
        "hd95_mean": 2.8486269840206315,
        "hd95_std": 0.9320358705891932
    },
    "20": {
        "mean": 0.790093321800232,
        "std": 0.052190783782148135,
        "hd95_mean": 2.8742934844430796,
        "hd95_std": 0.9448781588515835
    }
}