{
    "1": {
        "mean": 0.7986390653252602,
        "std": 0.05232678488925316,
        "hd95_mean": 1.8930728264910275,
        "hd95_std": 1.0476119571920826
    },
    "5": {
        "mean": 0.7947400519251824,
        "std": 0.08558331414747485,
        "hd95_mean": 1.9211778586332904,
        "hd95_std": 1.0363480142116135
    },
    "10": {
        "mean": 0.7970055684447288,
        "std": 0.061204013215508966,
        "hd95_mean": 1.965483699683023,
        "hd95_std": 1.202960742343113
    },
    "20": {
        "mean": 0.8288004660606384,
        "std": 0.05907740273059533,
        "hd95_mean": 1.9210058171741538,
        "hd95_std": 1.2077668887903157
    }
}